floor,floors_count,rooms_count,total_meters,price,district,street,house_number,underground,flat_id
10,18,1,32.0,13590000,Останкинский,Березовая аллея,19к1,Ботанический сад,315747133
71,79,1,79.0,75000000,Пресненский,1-й Красногвардейский проезд,22с2,Москва-Сити,315253252
11,12,1,32.0,12000000,Преображенское,Открытое шоссе,6К13,Бульвар Рокоссовского,315707948
6,41,1,40.1,35500000,Хорошевский,Ленинградский проспект,37/5,Аэропорт,313640113
14,16,1,40.0,12700000,Марьино,Новомарьинская ,16К1,Братиславская,314672030
23,23,1,35.9,18450000,Лефортово,Красноказарменная ,14Ак2,Авиамоторная,314699560
2,9,1,32.9,9400000,Ясенево, Инессы Арманд,4К1,Новоясеневская,315233659
8,13,1,54.8,40948000,Южнопортовый,Сосинская ,8,Волгоградский проспект,316709399
6,12,1,34.5,11900000,Южное Бутово,Скобелевская ,1к1,Улица Скобелевская,316697255
8,15,1,35.0,11900000,Коньково,Профсоюзная ,69,Беляево,314794936
7,9,1,32.1,9600000,Левобережный,Смольная ,39,Беломорская,316283525
2,8,1,57.7,75000000,Таганский,Тессинский переулок,1,Чкаловская,316324230
24,79,1,72.0,70000000,Пресненский,1-й Красногвардейский проезд,22с1,Москва-Сити,315253214
8,12,1,35.0,8500000,Гольяново,Черницынский проезд,12,Щёлковская,316595702
5,12,1,36.0,16000000,Басманный,Волховский переулок,2,Бауманская,314969166
1,5,1,51.7,13500000,Кунцево, Екатерины Будановой,12,Кунцевская,315307091
11,12,1,61.3,42900000,Тверской,2-я Брестская ,6,Маяковская,315263849
2,12,1,35.0,11990000,Алексеевский,Ракетный бульвар,11К1,ВДНХ,316566902
1,10,1,44.7,12459200,Кунцево,5-я Мякининская ,20,Строгино,316645310
3,10,1,58.0,15462500,Кунцево,4-я Мякининская ,27,Строгино,313005124
8,10,1,54.1,14621700,Кунцево,5-я Мякининская ,20,Строгино,316645335
8,10,1,60.5,16018100,Кунцево,4-я Мякининская ,27,Строгино,313005073
2,10,1,60.5,16013800,Кунцево,4-я Мякининская ,27,Строгино,313004944
3,9,1,33.9,12000000,Беговой, Новая Башиловка,8,Динамо,316380582
7,15,1,37.9,8799000,Южное Бутово,Изюмская ,49к3,Бутово,316593726
1,5,1,31.4,9200000,Измайлово,Измайловский проезд,6К2,Измайловская,316064725
13,41,1,43.1,21200000,Хорошево-Мневники,Шелепихинская набережная,34к5,Шелепиха,316110068
2,40,1,40.2,32500000,Хорошевский,Ленинградский проспект,37/4,ЦСКА,309525051
17,20,1,46.9,23190000,Даниловский,проспект Лихачева,18к2,Технопарк,314971371
2,9,1,33.4,8900000,Печатники, Гурьянова,23,Печатники,312666649
13,21,1,70.0,35700000,Филевский парк,Береговой проезд,5к2,Фили,316672928
12,15,1,35.6,13500000,Коньково,Профсоюзная ,69,Калужская,315680154
14,22,1,41.1,14500000,Нижегородский,Газгольдерная ,10,Нижегородская,314286109
30,79,1,78.0,92880000,Пресненский,1-й Красногвардейский проезд,22с1,Москва-Сити,315253213
7,9,1,36.9,8800000,Люблино, Верхние Поля,27С2,Братиславская,294926973
11,17,1,38.1,11900000,Западное Дегунино,Ангарская ,22К5,Грачёвская,315394969
5,12,1,34.1,19000000,Обручевский, Академика Челомея,1А,Воронцовская,311419733
16,36,1,41.1,33000000,Хорошевский,Ленинградский проспект,37/4,ЦСКА,306867070
4,8,1,34.0,25700000,Гагаринский,Ленинский проспект,38Ак1,Ленинский проспект,312754921
2,9,1,32.8,8500000,Северное Измайлово,16-я Парковая ,55К2,Щёлковская,312035112
8,14,1,31.5,10700000,Марьина роща,Старомарьинское шоссе,22,Марьина Роща,316422662
5,19,1,39.0,10990000,Бирюлево Восточное,6-я Радиальная ,7/1к1,Царицыно,314170584
9,31,1,45.3,23900000,Филевский парк,Береговой проезд,5к1,Фили,304779000
2,20,1,45.0,18950000,Марьина роща,Анненская ,6,Марьина Роща,316346770
1,5,1,34.0,9990000,Южное Тушино,Нелидовская ,20К2,Сходненская,314539287
10,15,1,43.3,27200000,Раменки,Винницкая ,8к4,Раменки,314369704
8,12,1,29.7,10900000,Северное Тушино, Фомичевой,8К2,Планерная,316244683
2,12,1,41.0,11500000,Соколиная гора,Вольная ,4,Семёновская,307275502
4,4,1,42.1,18500000,Басманный, Казакова,7,Курская,315253236
9,23,1,31.9,17490000,Хорошево-Мневники,Шелепихинская набережная,40к2,Шелепиха,308550093
3,9,1,32.5,13100000,Восточное Дегунино, 800-летия Москвы,5К1,Яхромская,316503134
6,9,1,32.0,16700000,Проспект Вернадского, Удальцова,3К11,Проспект Вернадского,315345114
1,9,1,32.8,8560000,Отрадное, Декабристов,35А,Отрадное,315518371
1,12,1,30.7,8500000,Люблино,Белореченская ,15,Люблино,307538846
9,24,1,39.5,12800000,Кузьминки,Волгоградский проспект,86К1,Кузьминки,316296379
1,29,1,24.0,12800000,Очаково-Матвеевское,Аминьевское шоссе,4Дк3литБ,Аминьевская,311846636
9,12,1,36.0,9500000,Южное Бутово,Изюмская ,46К2,Улица Скобелевская,311059902
9,9,1,33.0,15490000,Хорошевский, Куусинена,4Ак4,Полежаевская,316631681
22,25,1,32.0,17500000,Бутырский, Добролюбова,8к3,Бутырская,314215966
9,25,1,37.9,19000000,Лефортово, Крузенштерна,9,Авиамоторная,315364610
2,30,1,37.3,20900000,Южнопортовый,Волгоградский проспект,32/5к1,Угрешская,316643869
4,51,1,43.6,23500000,Пресненский,Шмитовский проезд,39с4.2,Шелепиха,313591543
13,30,1,48.0,25000000,Южнопортовый,Волгоградский проспект,32/3к6,Угрешская,316566118
3,6,1,60.0,26000000,Щукино, Берзарина,12,Октябрьское поле,312464856
8,9,1,66.3,34000000,Басманный,Нижняя Красносельская ,35С49,Бауманская,314904218
4,29,1,57.9,37800000,Филевский парк,Береговой проезд,3,Фили,312989612
12,34,1,63.0,55000000,Дорогомилово,Поклонная ,9,Поклонная,316680707
8,10,1,24.7,7685500,Кунцево,4-я Мякининская ,27,Строгино,313004947
3,9,1,32.6,8800000,Ясенево,проезд Карамзина,1К3,Новоясеневская,314793342
9,10,1,24.7,7667600,Кунцево,4-я Мякининская ,27,Строгино,313005092
1,14,1,39.4,9100000,Люблино,Совхозная ,3,Люблино,316636190
5,12,1,35.0,9400000,Вешняки,Вешняковская ,31,Выхино,315755513
1,4,1,32.9,9500000,Кунцево,Партизанская ,9К2,Рабочий посёлок,313874190
15,16,1,31.8,8500000,Некрасовка, Маршала Еременко,5к1,Некрасовка,315957058
1,9,1,36.2,9800000,Отрадное,Юрловский проезд,19,Отрадное,314845173
7,8,1,41.8,42500000,Беговой,Ленинградский проспект,вл8,Белорусская,313914962
11,20,1,40.0,11500000,Бирюлево Восточное,6-я Радиальная ,7/1к2,Царицыно,316697475
4,8,1,24.7,11800000,Даниловский,Самаринская ,1,Тульская,313407850
12,31,1,37.0,14999000,Нижегородский,Газгольдерная ,10,Нижегородская,315412879
5,12,1,41.3,9700000,Капотня,1-й кв-л,1,Люблино,313860847
2,22,1,37.0,14200000,Лосиноостровский, Коминтерна,15,Бабушкинская,316005173
10,17,1,38.0,13300000,Нагорный,Черноморский бульвар,4к1,Варшавская,316471534
3,16,1,34.6,10000000,Северное Медведково, Грекова,3К3,Медведково,316689581
1,9,1,32.3,9800000,Южное Тушино,Туристская ,2К1,Сходненская,314171750
17,18,1,41.1,17000000,Щукино,Новощукинская ,8,Щукинская,316657354
17,17,1,46.7,10750000,Крюково,проспект Георгиевский,33Ак1,Зеленоград — Крюково,316307080
5,8,2,82.4,82317600,Таганский,Славянская площадь,2/5с1,Китай-город,306823110
4,5,2,63.8,25314894,Гольяново,Амурская ,1Ак3,Черкизовская,315729890
4,20,2,60.0,15100000,Бирюлево Восточное,6-я Радиальная ,7/1к2,Царицыно,315905779
5,8,2,79.9,31687000,Савеловский, Верхняя Масловка,20,Петровский Парк,313392637
24,36,2,71.8,68500000,Хорошевский,Ленинградский проспект,37/4,ЦСКА,316117457
4,5,2,43.0,13300000,Щукино,Новощукинская ,9,Щукинская,312155484
3,12,2,66.0,82000000,Раменки,Мосфильмовская ,1к3,Ломоносовский проспект,316570308
3,21,2,71.0,82000000,Пресненский, Костикова,4к1,Улица 1905 года,314484539
18,19,2,59.2,20300000,Чертаново Южное,Варшавское шоссе,170Ек7,Лесопарковая,316219987
4,5,2,43.1,11200000,Измайлово,Измайловский проезд,6К2,Измайловская,316621046
1,9,2,48.2,6050000,Матушкино,Зеленоград,к433,Зеленоград — Крюково,294458255
4,5,2,60.0,45000000,Тверской,3-я Тверская-Ямская ,42/8,Маяковская,316217397
7,17,2,73.0,84000000,Пресненский, Сергея Макеева,9к2,Улица 1905 года,315643056
7,12,2,46.3,8500000,Савёлки,Зеленоград,к339Б,Зеленоград — Крюково,316518851
53,68,2,86.0,87000000,Пресненский,1-й Красногвардейский проезд,22с2,Москва-Сити,309676182
5,13,2,107.0,229900000,Хамовники,Погодинская ,2,Фрунзенская,313296107
51,79,2,59.0,55000000,Пресненский,1-й Красногвардейский проезд,22с2,Москва-Сити,297997441
1,7,2,27.0,5999999,Южнопортовый,6-я Кожуховская ,24,Кожуховская,315508700
30,68,2,84.0,140000000,Пресненский,1-й Красногвардейский проезд,22с1,Москва-Сити,313484220
1,19,2,100.0,46900000,Хорошево-Мневники,Шелепихинская набережная,34к2,Шелепиха,312095964
12,19,2,84.0,59000000,Хорошево-Мневники,Шелепихинская набережная,34к2,Шелепиха,315965458
7,9,2,44.1,9100000,Восточный, Главная,23,Щёлковская,313432591
6,13,2,52.0,35800000,Аэропорт,Ленинградский проспект,36с36,Динамо,309979871
11,12,2,50.6,10599999,Капотня,4-й кв-л,6,Люблино,305510471
30,85,2,95.4,79990000,Пресненский,1-й Красногвардейский проезд,21с1,Москва-Сити,307723604
8,12,2,93.4,59000000,Мещанский,Протопоповский переулок,17С2,Проспект Мира,315973415
8,9,2,46.1,10800000,Ивановское,шоссе Энтузиастов,98К4,Новогиреево,315436841
8,9,2,57.3,22750000,Гагаринский,Ленинский проспект,64/2,Университет,302380406
9,14,2,67.0,57000000,Раменки,проспект Генерала Дорохова,39к1Б,Поклонная,311033212
19,34,2,102.6,150000000,Дорогомилово,Поклонная ,9,Поклонная,310470593
6,14,2,56.0,22200000,Академический, Губкина,9,Академическая,315432066
2,10,2,69.4,69900000,Тверской, Палиха,4,Менделеевская,302081797
17,17,2,53.6,13500000,Ясенево,Вильнюсская ,15,Ясенево,315929506
29,30,2,60.0,31500000,Южнопортовый,Волгоградский проспект,32/3к2,Угрешская,312719449
7,9,2,47.0,18500000,Обручевский, Гарибальди,20/29К2,Новые Черёмушки,315419765
11,33,2,85.4,44000000,Щукино,Авиационная ,77к2,Щукинская,312780568
3,6,2,49.5,52500000,Хамовники,Зубовская ,7,Парк Культуры,313775061
48,64,2,104.0,98100000,Пресненский,набережная Пресненская,8с1,Деловой центр,313397823
7,8,2,75.0,113700000,Якиманка,Софийская набережная,34С5,Новокузнецкая,314266557
4,9,2,39.0,15690000,Войковский,Ленинградское шоссе,22,Балтийская,315559988
14,41,2,55.8,34000000,Раменки,1-й Сетуньский проезд,8,Кутузовская,312298271
2,5,2,105.0,155000000,Тверской,Никольская ,10/2С2б,Лубянка,311186834
5,12,2,38.5,14000000,Савеловский,Башиловская ,3К1,Савёловская,316599762
2,5,2,106.0,155000000,Тверской,Никольская ,10,Площадь Революции,313833366
4,12,2,38.4,10000000,Перово, Металлургов,38,Перово,315987738
12,14,2,49.2,31000000,Раменки,проспект Генерала Дорохова,39к1,Поклонная,314563566
1,13,2,50.0,36000000,Раменки,проспект Генерала Дорохова,39к2Д,Минская,311152752
4,5,2,44.0,14490000,Хорошево-Мневники,проспект Маршала Жукова,40,Народное Ополчение,316471812
1,13,2,49.5,36000000,Раменки,проспект Генерала Дорохова,39к2Д,Минская,311154592
10,22,2,90.0,43900000,Раменки, Пырьева,9К1,Поклонная,315519326
5,9,2,49.7,17000000,Отрадное,Юрловский проезд,7,Отрадное,316538189
5,5,2,51.0,22000000,Академический,проспект 60-летия Октября,14,Академическая,314356422
2,5,2,84.63,128500000,Басманный,Потаповский переулок,6С1,Чистые пруды,305274218
11,29,2,75.0,31500000,Теплый Стан,Ленинский проспект,131,Тропарёво,305846088
4,21,2,41.0,53000000,Якиманка,Донская ,14,Шаболовская,293905913
1,24,2,44.0,11900000,Чертаново Центральное,Кировоградская ,22к2,Пражская,316343295
20,23,2,62.0,36500000,Хорошевский, Зорге,9к2,Зорге,316245416
7,27,2,66.2,54500000,Беговой,Верхняя ,20к1,Белорусская,314500986
3,12,2,65.6,82000000,Раменки,Мосфильмовская ,1к5,Ломоносовский проспект,304963966
10,20,2,61.0,31000000,Левобережный,Ленинградское шоссе,69к2,Беломорская,313942680
4,4,2,53.2,15500000,Кунцево,Кунцевская ,11,Рабочий посёлок,316503084
17,34,2,51.1,49990000,Дорогомилово,Поклонная ,9,Поклонная,310316100
10,11,2,90.0,75500000,Аэропорт,Ленинградский проспект,36с31,Динамо,315960334
3,5,2,45.9,14700000,Можайский, Гришина,17,Рабочий посёлок,316249121
5,21,2,107.0,47000000,Хорошево-Мневники, Нижние Мневники,16к6,Терехово ,316201065
17,17,2,64.1,12600000,Некрасовка, Недорубова,11,Некрасовка,313659659
12,13,2,70.0,50000000,Филевский парк, Василисы Кожиной,13,Парк Победы,313945749
2,5,2,64.0,215000000,Хамовники,Пречистенская набережная,43,Кропоткинская,289514736
8,9,2,37.0,7950000,Матушкино,Зеленоград,к146,Зеленоград — Крюково,315455392
9,14,2,69.0,61999000,Раменки,проспект Генерала Дорохова,39к1А,Поклонная,315776707
13,32,2,50.7,46000000,Дорогомилово,Поклонная ,9,Поклонная,315660003
9,10,2,64.7,16922200,Кунцево,5-я Мякининская ,20,Строгино,316645342
8,17,2,60.2,13200000,Некрасовка,проспект Защитников Москвы,11,Некрасовка,312249570
15,16,2,54.0,16490000,Дмитровский,Вагоноремонтная ,5К1,Лианозово,315020768
4,9,2,48.5,11590000,Можайский,Можайское шоссе,22,Рабочий посёлок,316163973
4,7,2,64.7,80964399,Хамовники,Комсомольский проспект,42С2,Спортивная,305062277
6,6,2,72.3,45000000,Красносельский,Милютинский переулок,19/4С2,Тургеневская,315022074
4,12,2,50.0,10950000,Выхино-Жулебино,Рязанский проспект,82К3,Юго-Восточная,302338028
34,39,2,49.0,28500000,Раменки, Лобачевского,120к1,Аминьевская,315681235
10,15,2,40.0,11700000,Люблино,Цимлянская ,3к3,Люблино,316700518
7,8,2,75.0,112500000,Якиманка,Софийская набережная,34,Новокузнецкая,311345933
11,21,2,53.0,22600000,Войковский,Выборгская ,9/1,Водный стадион,311961438
8,28,2,60.0,59000000,Якиманка,Мытная ,40к4,Октябрьская,315347213
6,9,2,40.0,13200000,Гольяново,Байкальская ,15,Щёлковская,314512206
8,11,2,74.0,72000000,Тверской,Лесная ,4с1,Белорусская,315752824
3,6,2,49.0,64000000,Хамовники,Зубовская ,7,Парк Культуры,292267406
46,75,2,114.2,86000000,Пресненский,1-й Красногвардейский проезд,15,Деловой центр,305062355
2,18,2,100.0,84990000,Раменки,Ломоносовский проспект,25к2,Университет,315143482
20,25,2,61.3,24400000,Фили-Давыдково,Кастанаевская ,65,Кунцевская,315643090
2,17,2,100.0,85000000,Раменки,Ломоносовский проспект,25к2,Университет,316196150
1,9,2,47.1,10699999,Выхино-Жулебино, Чугунные Ворота,21К4,Юго-Восточная,314952668
5,6,2,50.0,66960000,Хамовники,Зубовская ,7,Парк Культуры,315815519
1,12,2,38.2,10700000,Черемушки, Каховка,22К5,Зюзино,304516413
7,22,2,73.6,35900000,Раменки,Мичуринский проспект,16,Раменки,316704776
14,22,2,40.2,14500000,Нижегородский,Газгольдерная ,10,Нижегородская,314499408
23,36,2,57.0,32990000,Хорошево-Мневники,Шелепихинская набережная,34к3,Шелепиха,313841030
2,39,2,69.0,47000000,Раменки, Лобачевского,120к1,Аминьевская,312575064
9,12,2,54.7,14490000,Кунцево, Ивана Франко,32К1,Рабочий посёлок,314904309
23,24,2,88.0,69990000,Хорошево-Мневники,Шелепихинская набережная,34к3зд7,Шелепиха,315101061
10,13,2,73.5,65000000,Раменки,Воробьевское шоссе,4,Поклонная,314846860
5,5,3,152.0,103000000,Красносельский,переулок Даев,31С2,Сухаревская,309170499
5,5,3,151.6,103000000,Красносельский,переулок Даев,31С2,Сухаревская,309810361
27,41,3,79.0,71000000,Раменки,1-й Сетуньский проезд,8,Кутузовская,316610272
27,41,3,79.0,71000000,Раменки,1-й Сетуньский проезд,6С6,Кутузовская,312677884
7,7,3,71.0,55000000,Пресненский,Большая Никитская ,31,Арбатская,300005751
5,9,3,93.0,111500000,Якиманка,Лаврушинский переулок,17С2,Третьяковская,316565405
5,9,3,92.1,112000000,Якиманка,Лаврушинский переулок,17С2,Третьяковская,315975609
12,23,3,82.0,30000000,Коньково, Островитянова,53,Беляево,316440107
11,15,3,113.5,79000000,Даниловский, Родченко,2,ЗИЛ,315662772
4,6,3,160.0,240000000,Пресненский,Большой Гнездниковский переулок,3,Тверская,312710345
6,9,3,58.0,11700000,Солнцево, 50 лет Октября,5,Говорово,316419923
11,13,3,68.8,57500000,Раменки,проспект Генерала Дорохова,39к2Б,Минская,315044981
7,14,3,68.9,41000000,Раменки,проспект Генерала Дорохова,39к1В,Поклонная,309623565
9,9,3,61.0,22900000,Аэропорт, Усиевича,25К1,Сокол,316187942
3,17,3,97.0,97000000,Пресненский, Сергея Макеева,9к1,Улица 1905 года,302817609
2,16,3,99.0,158700000,Раменки,Воробьевское шоссе,4,Поклонная,310507662
3,9,3,53.0,17900000,Ясенево,Соловьиный проезд,14,Новоясеневская,316652069
10,14,3,91.9,69000000,Раменки,Минская ,1ГсА,Минская,314945841
3,5,3,61.4,30000000,Хамовники, Плющиха,9А,Смоленская,316321471
2,4,3,140.0,170046264,Мещанский,Рождественский бульвар,10/7С1,Трубная,312221430
7,12,3,71.5,17700000,Кузьминки,Окская ,20К2,Кузьминки,314066235
6,12,3,146.0,115000000,Замоскворечье,Климентовский переулок,2,Новокузнецкая,307958924
11,20,3,117.0,42990000,Свиблово,проезд Серебрякова,11к1,Ботанический сад,316602177
6,9,3,97.0,66000000,Таганский,Новоспасский переулок,3К1,Пролетарская,314844317
14,15,3,133.91,227647000,Хамовники, Усачева,15,Спортивная,309118638
4,9,3,60.0,14700000,Дмитровский,Клязьминская ,32К1,Лианозово,315741036
26,39,3,122.0,109900000,Раменки,Минская ,2,Минская,316086488
19,24,3,86.0,22500000,Северное Бутово, Грина,1к8,Бульвар Дмитрия Донского,313741541
4,6,3,156.0,80964399,Хамовники, Знаменка,13С1,Боровицкая,306077476
2,4,3,140.0,170046264,Мещанский,Рождественский бульвар,10/7С1,Трубная,315557962
5,7,3,68.0,43000000,Тверской,3-й Самотечный переулок,13,Достоевская,316318681
2,41,3,65.5,67000000,Хорошевский,Ленинградский проспект,37/5,Аэропорт,314772566
8,42,3,130.0,90000000,Раменки,Мосфильмовская ,70к5,Ломоносовский проспект,313643920
14,25,3,83.2,65000000,Хорошево-Мневники,Живописная ,21А,Серебряный Бор,314208076
8,13,3,92.1,96705000,Раменки,проспект Генерала Дорохова,39к1,Поклонная,295915768
3,6,3,57.0,28500000,Хамовники,Погодинская ,20К5,Спортивная,312460632
40,41,3,66.0,46000000,Хорошево-Мневники,Шелепихинская набережная,34к5,Шелепиха,311061249
9,16,3,106.6,76000000,Замоскворечье,Мытная ,7с1,Серпуховская,310512370
3,23,3,87.1,27500000,Раменки,2-й Сетуньский проезд,13К2,Поклонная,312012448
31,48,3,126.5,66990000,Щукино,Авиационная ,79К1,Щукинская,316346513
2,9,3,76.0,65000000,Пресненский,Малая Никитская ,16/5,Баррикадная,316721155
1,5,3,80.0,73000000,Хамовники,Пожарский переулок,10,Кропоткинская,312348173
5,6,3,79.2,73000000,Пресненский,Мерзляковский переулок,5/1,Арбатская,315274448
3,10,3,80.4,44890000,Таганский,Новоспасский переулок,3К2,Пролетарская,314751618
7,12,3,67.2,15300000,Чертаново Южное, Газопровод,1К6,Улица Академика Янгеля,310468203
7,7,3,145.3,135000000,Пресненский,Рочдельская ,12С1,Краснопресненская,314302130
25,48,3,137.6,68937674,Щукино,Авиационная ,79К1,Щукинская,315754855
3,8,3,68.3,58000000,Красносельский,Милютинский переулок,20/2С1,Тургеневская,314637692
1,5,3,78.4,73000000,Хамовники,Пожарский переулок,10,Кропоткинская,315879117
9,10,3,101.0,47400000,Таганский, Земляной Вал,48Б,Чкаловская,308996643
4,8,3,110.0,93109059,Хамовники,Гагаринский переулок,28,Смоленская,315561813
2,5,3,125.0,130000000,Замоскворечье,Большой Ордынский переулок,4С4,Третьяковская,310776672
6,7,3,90.4,90400000,Арбат,Трубниковский переулок,26С1,Смоленская,311737958
39,41,3,80.0,49990000,Раменки,1-й Сетуньский проезд,8,Кутузовская,316171447
23,76,3,184.0,110000000,Пресненский,набережная Пресненская,8с1,Деловой центр,303224245
12,12,3,76.0,45000000,Гагаринский,Университетский проспект,5,Университет,315989578
6,13,3,101.1,60963630,Южнопортовый,Сосинская ,8,Волгоградский проспект,316709381
3,14,3,105.2,195000000,Хамовники, Усачева,15А,Спортивная,312676566
8,16,3,77.0,14490000,Некрасовка, Вертолетчиков,2,Некрасовка,315879052
4,14,3,105.0,210000000,Хамовники, Усачева,15А,Спортивная,315236500
6,11,3,113.0,226000000,Хамовники, Усачева,15А,Спортивная,312676561
4,9,3,61.0,12500000,Савёлки,Зеленоград,к302А,Зеленоград — Крюково,313419694
2,6,3,121.9,130000000,Замоскворечье,Большой Ордынский переулок,4С4,Третьяковская,312149256
8,36,3,65.7,49000000,Хорошево-Мневники,Шелепихинская набережная,34к3,Шелепиха,316449363
2,4,3,69.0,52900000,Пресненский,Большой Патриарший переулок,12С2,Тверская,314605138
7,10,3,177.5,128000000,Пресненский, Климашкина,17С2,Улица 1905 года,315095998
5,9,3,92.1,112000000,Якиманка,Лаврушинский переулок,17С2,Третьяковская,312554751
7,24,3,75.7,23800000,Головинский,Флотская ,68к1,Моссельмаш,315171624
1,5,3,78.4,73000000,Хамовники,Пожарский переулок,10,Кропоткинская,311242296
7,10,3,177.7,128000000,Пресненский, Климашкина,17С2,Улица 1905 года,313380614
2,11,3,103.0,62900000,Арбат,Смоленская набережная,2А,Смоленская,313852078
9,38,3,70.0,30500000,Хорошевский,Хорошевское шоссе,12к1,Беговая,307962802
17,32,3,84.0,74000000,Дорогомилово,Поклонная ,9,Поклонная,310634852
2,6,3,131.1,110000000,Тверской, Малая Дмитровка,23/15С2,Пушкинская,308338964
7,9,3,80.1,73500000,Тверской,Тверская ,15,Тверская,314604994
11,41,3,115.0,115000000,Хорошевский,Ленинградский проспект,37/4,ЦСКА,314636162
9,9,3,80.0,42000000,Фили-Давыдково, Ивана Франко,6,Кунцевская,316412702
31,38,3,75.5,42000000,Строгино, Маршала Катукова,24к1,Строгино,316201248
10,41,3,71.0,49900000,Хорошево-Мневники,Шелепихинская набережная,34к5,Шелепиха,316158779
11,16,3,64.9,18600000,Нагорный,Варшавское шоссе,70К2,Варшавская,316571003
10,34,3,102.6,109990000,Дорогомилово,Поклонная ,9,Поклонная,316594308
23,32,3,83.6,76076000,Дорогомилово,Поклонная ,9,Поклонная,316710005
1,10,3,119.0,140000000,Дорогомилово, Братьев Фонченко,1к7,Парк Победы,316610259
1,11,3,144.0,187000000,Дорогомилово, Братьев Фонченко,1к4,Парк Победы,316610258
10,11,3,60.0,60000000,Якиманка, Серафимовича,2,Боровицкая,309775039
13,32,3,86.7,90000000,Дорогомилово,Поклонная ,9,Поклонная,310334461
14,20,3,132.5,125000000,Гагаринский, Косыгина,13к1,Воробьёвы горы,305062348
21,27,3,85.0,58200000,Хорошево-Мневники,Шелепихинская набережная,42к2,Полежаевская,316714563
6,12,3,120.9,72200000,Мещанский,Протопоповский переулок,17С2,Проспект Мира,308136515
22,32,3,83.6,75240000,Дорогомилово,Поклонная ,9,Поклонная,315641180
5,5,3,85.0,31000000,Пресненский,Шмитовский проезд,15/5,Москва-Сити,315963598
9,29,3,65.5,31000000,Фили-Давыдково, Ивана Франко,6,Кунцевская,314773512
7,9,3,135.0,166000000,Замоскворечье, Бахрушина,13,Павелецкая,316371474
2,12,3,62.1,13000000,Ярославский,Ярославское шоссе,8К2,Ботанический сад,315864064
7,16,3,173.1,148000000,Арбат,1-й Смоленский переулок,17,Смоленская,316267230
5,10,3,131.0,131000000,Тверской,Большая Грузинская ,69,Белорусская,315549778
12,18,3,105.0,43500000,Кунцево,Ельнинская ,11К3,Молодёжная,316207686
6,8,3,53.6,29500000,Пресненский,Большая Грузинская ,62,Белорусская,312367625
8,15,3,100.0,83000000,Раменки,Винницкая ,8к4,Раменки,316646834
4,5,3,62.0,25990000,Сокол,Новопесчаная ,11/6,Сокол,314699443
15,28,3,97.2,52550000,Раменки,Винницкая ,8к1,Раменки,316312662
40,42,3,66.0,46000000,Хорошево-Мневники,Шелепихинская набережная,34к5,Шелепиха,313745975
18,48,3,124.0,49990000,Хорошево-Мневники,проспект Маршала Жукова,78,Серебряный Бор,311352185
27,41,3,79.0,71000000,Раменки,Парклэйн тер.,к2,Кутузовская,312468301
17,53,3,102.0,95000000,Раменки,Мосфильмовская ,8,Ломоносовский проспект,303267485
24,32,3,84.6,80990000,Дорогомилово,Поклонная ,9,Поклонная,315270194
2,9,1,26.6,7500000,Ивановское,Малый Купавенский проезд,5К1,Первомайская,316082933
8,9,1,35.0,25800000,Хамовники,Ростовская набережная,3,Смоленская,316499489
5,6,1,29.0,37000000,Хамовники,Зубовская ,7,Парк Культуры,315443321
4,22,1,44.5,17900000,Очаково-Матвеевское,Веерная ,22К2,Матвеевская,315881460
5,5,1,30.1,9999999,Перово, Плющева,16,Перово,315289988
6,40,1,40.49,21500000,Даниловский,бульвар Братьев Весниных,1,ЗИЛ,300863910
22,24,1,40.0,11600000,Бирюлево Восточное,6-я Радиальная ,7/1к2,Царицыно,309952150
3,19,1,37.5,7800000,Некрасовка,Рождественская ,21к2,Некрасовка,316325732
11,25,1,22.54,6500000,Тропарево-Никулино,Востряковское шоссе,7с6,Озёрная,314018129
11,28,1,32.0,18700000,Филевский парк, Василисы Кожиной,13,Парк Победы,315778606
11,18,1,39.1,10500000,Западное Дегунино, Ивана Сусанина,8К1,Моссельмаш,315459705
1,22,1,19.5,4150000,Тропарево-Никулино,Ленинский проспект,158,Юго-Западная,313373364
18,24,1,38.8,22600000,Хорошево-Мневники,Шелепихинская набережная,34к4,Шелепиха,315158477
3,29,1,57.0,35000000,Хорошево-Мневники,Шелепихинская набережная,40к3,Шелепиха,311314543
9,12,1,36.8,20000000,Тверской,2-я Брестская ,6,Маяковская,310068451
1,14,1,39.1,8500000,Ново-Переделкино,Боровское шоссе,37К3,Новопеределкино,312365979
11,21,1,41.5,39000000,Пресненский,Мантулинская ,9к2,Москва-Сити,316499109
16,24,1,39.0,13200000,Нагатино-Садовники,Нагатинская набережная,12,Коломенская,316679262
9,12,1,39.5,10250000,Лианозово,Новгородская ,34,Алтуфьево,301409960
14,48,1,42.0,25500000,Хорошево-Мневники, Народного Ополчения,15К1,Народное Ополчение,314947646
4,10,1,32.9,9000000,Гольяново,Уральская ,6К1,Щёлковская,315916888
2,33,1,50.0,22000000,Хорошево-Мневники,Причальный проезд,10к2,Шелепиха,316289540
2,18,1,41.0,22600000,Беговой,Ленинградский проспект,29к3,Динамо,314702076
7,17,1,42.0,8700000,Южное Бутово, Маршала Савицкого,24,Щербинка,316216130
5,18,1,45.0,22550000,Филевский парк,Береговой проезд,5к2,Фили,306033012
2,14,1,39.0,9450000,Братеево, Борисовские Пруды,16К2,Борисово,316695062
3,49,1,42.6,25000000,Хорошево-Мневники, Генерала Глаголева,14Ак1,Бульвар Генерала Карбышева,311671252
3,15,1,38.0,30400000,Аэропорт,Ленинградский проспект,36с39,Динамо,313038613
1,12,1,38.3,10400000,Измайлово,Никитинская ,9,Измайловская,314200771
19,41,1,43.0,32500000,Хорошево-Мневники,Шелепихинская набережная,34к5,Шелепиха,314469865
9,9,1,33.0,11200000,Нагатинский затон,Кленовый бульвар,6,Коломенская,316035990
16,17,1,27.0,12300000,Левобережный,Смольная ,44к1,Беломорская,303776402
1,9,1,37.2,19999999,Очаково-Матвеевское,Аминьевское шоссе,4Дк2,Аминьевская,315500861
54,63,1,81.0,59000000,Пресненский,набережная Пресненская,12,Деловой центр,313282454
24,41,1,42.84,21500000,Пресненский,Шмитовский проезд,39,Москва-Сити,315858719
7,22,1,41.0,29900000,Покровское-Стрешнево,бульвар Чкаловский,6к1,Спартак,311038284
14,41,1,48.0,29900000,Раменки,1-й Сетуньский проезд,8,Кутузовская,308207546
12,12,1,38.79,11700000,Чертаново Южное,3-й Дорожный проезд,4К1,Улица Академика Янгеля,315814638
16,24,1,30.3,16000000,Метрогородок,Тагильская ,2к1,Бульвар Рокоссовского,316592686
6,40,1,43.0,20900000,Даниловский,бульвар Братьев Весниных,1,ЗИЛ,313024452
22,42,1,47.7,31000000,Котловка,Севастопольский проспект,22А,Крымская,314537751
3,9,1,30.0,9800000,Богородское,Малая Черкизовская ,64,Преображенская площадь,314211607
5,5,1,30.0,8900000,Измайлово,Сиреневый бульвар,14К2,Первомайская,316370137
5,9,1,32.5,9900000,Бибирево, Лескова,10А,Алтуфьево,316062590
12,12,1,35.0,9950000,Дмитровский,Ангарская ,59,Яхромская,306658741
9,9,1,33.0,10199000,Северное Тушино, Героев Панфиловцев,23к1,Планерная,310792544
3,9,1,36.0,10300000,Гольяново,Щелковское шоссе,79К1,Щёлковская,316664953
12,12,1,35.0,10300000,Чертаново Южное, Газопровод,3К1,Улица Академика Янгеля,313757139
1,9,1,31.6,10350000,Кузьминки,Окская ,24/1К2,Кузьминки,315960305
8,9,1,34.8,9300000,Новогиреево,Полимерная ,5,Кусково,315139283
6,16,1,38.7,10500000,Ярославский,Ярославское шоссе,116К1,Свиблово,311663562
3,9,1,32.7,10500000,Чертаново Южное, Подольских Курсантов,18К1,Пражская,316125122
6,18,1,36.5,9499999,Люблино, Маршала Баграмяна,2,Люблино,314929759
2,18,1,33.1,10900000,Солнцево,Производственная ,17,Новопеределкино,315058475
2,16,1,37.6,11300000,Строгино, Кулакова,27,Строгино,316599315
8,17,1,39.6,11500000,Некрасовка,Покровская ,17к3,Некрасовка,316604052
1,8,1,32.0,11550000,Даниловский,Дербеневская набережная,13/17К2,Пролетарская,316453198
5,8,2,111.6,109479600,Таганский,Славянская площадь,2/5с1,Китай-город,315053628
5,5,2,60.0,13000000,Лосиноостровский,Анадырский проезд,21,Бабушкинская,314283147
5,8,2,47.0,38000000,Пресненский,Большой Кондратьевский переулок,4С1,Белорусская,315514720
9,14,2,99.71,210000000,Хамовники, Усачева,15А,Спортивная,316130769
28,29,2,53.4,49000000,Якиманка,Мытная ,40к1,Серпуховская,310774802
33,41,2,72.8,68000000,Хорошевский,Ленинградский проспект,37/6,Аэропорт,316634002
7,12,2,52.1,11300000,Бирюлево Восточное,Липецкая ,13,Лебедянская,315938438
24,41,2,72.0,68500000,Хорошевский,Ленинградский проспект,37/4,ЦСКА,314214696
6,9,2,44.4,11000000,Ховрино,Клинская ,9,Грачёвская,315761244
7,58,2,109.0,42000000,Ростокино,проспект Мира,188Бк3,Ростокино,314780092
4,7,2,66.1,77966246,Арбат,Поварская ,8/1к1,Арбатская,314434357
51,75,2,120.4,85000000,Пресненский,1-й Красногвардейский проезд,15,Деловой центр,289733275
4,7,2,88.4,104459067,Арбат,Поварская ,8/1к1,Арбатская,314434354
4,6,2,78.9,91642952,Арбат,Поварская ,8/1к1,Арбатская,314434351
30,85,2,95.5,79500000,Пресненский,1-й Красногвардейский проезд,21с2,Москва-Сити,314442967
15,32,2,63.0,76000000,Дорогомилово,Поклонная ,9,Поклонная,315365256
4,9,2,44.9,14340000,Коньково, Генерала Антонова,5К1,Беляево,314290681
8,17,2,63.7,33500000,Войковский,Старопетровский проезд,8,Войковская,316665665
5,17,2,58.0,11300000,Некрасовка, Маршала Еременко,3к1,Некрасовка,314642787
8,14,2,53.0,16950000,Ново-Переделкино, Шолохова,28,Новопеределкино,315315554
10,12,2,57.0,31800000,Басманный,Бакунинская ,5,Бауманская,316123376
35,37,2,59.7,28000000,Раменки,Мосфильмовская ,98к2,Аминьевская,316654253
6,14,2,45.2,32500000,Раменки,проспект Генерала Дорохова,39к1А,Поклонная,315035656
15,23,2,100.8,40000000,Раменки, Пырьева,9к2,Поклонная,308335219
36,53,2,80.0,100000000,Пресненский,Шмитовский проезд,39к8,Москва-Сити,312664615
1,5,2,43.0,10950000,Измайлово,Измайловский проезд,6К2,Измайловская,314588171
3,12,2,75.2,48700000,Проспект Вернадского, Удальцова,26,Проспект Вернадского,314133589
30,61,2,66.9,91000000,Пресненский,Краснопресненская набережная,14Ак2,Москва-Сити,316338561
4,9,2,43.5,15790000,Восточное Дегунино,Дубнинская ,10К2,Дегунино,316221294
22,78,2,169.5,136790000,Пресненский,1-й Красногвардейский проезд,22,Деловой центр,315742208
24,79,2,61.2,58000000,Пресненский,1-й Красногвардейский проезд,22с2,Москва-Сити,312751624
8,17,2,51.2,15000000,Северное Бутово,бульвар Дмитрия Донского,8,Бульвар Дмитрия Донского,316361853
8,16,2,53.5,16590000,Хорошево-Мневники, Народного Ополчения,28К1,Народное Ополчение,314385616
13,16,2,55.0,19000000,Лефортово,Волочаевская ,20К1,Серп и Молот,316323258
3,9,2,47.6,13500000,Царицыно, Бехтерева,41К3,Царицыно,316453422
4,7,2,67.0,23800000,Даниловский, Трофимова,1/17,Автозаводская,315591870
18,28,2,53.0,27500000,Измайлово,Первомайская ,42к3,Измайловская,312604097
12,21,3,164.43,178500000,Пресненский, Костикова,4к1,Улица 1905 года,315050156
9,22,3,78.0,34900000,Хорошево-Мневники,бульвар Генерала Карбышева,18,Народное Ополчение,316661265
12,12,3,64.4,27000000,Раменки, Довженко,12К2,Минская,315145942
5,8,3,93.0,111500000,Якиманка,Лаврушинский переулок,17С2,Третьяковская,316618616
8,9,3,51.0,14000000,Чертаново Центральное,Днепропетровская ,27к1,Пражская,316514468
27,41,3,79.0,74000000,Раменки,Парклэйн тер.,к2,Кутузовская,311733777
6,8,3,94.2,38234000,Савеловский, Верхняя Масловка,20,Петровский Парк,314843348
25,38,3,144.0,65000000,Раменки,Мосфильмовская ,70к1,Ломоносовский проспект,311611882
8,53,3,150.0,135000000,Раменки,Мосфильмовская ,8,Ломоносовский проспект,247174958
7,12,3,70.2,20990000,Северное Тушино, Героев Панфиловцев,3,Сходненская,316330536
15,16,3,124.7,205000000,Раменки,Воробьевское шоссе,4,Поклонная,314592214
6,16,3,124.7,199000000,Раменки,Воробьевское шоссе,4,Поклонная,316584977
9,9,3,50.0,11400000,Чертаново Центральное, Красного Маяка,11К1,Пражская,315256990
4,4,3,178.3,99000000,Пресненский,Большой Козихинский переулок,10,Пушкинская,308639465
3,7,3,93.0,95000000,Замоскворечье,Шлюзовая набережная,2А,Павелецкая,316675664
1,9,3,80.6,16199999,Митино,Митинская ,15,Митино,315254852
2,12,3,59.0,13500000,Чертаново Южное,Россошанская ,13К1,Улица Академика Янгеля,315718698
2,19,3,186.0,220000000,Раменки,Ломоносовский проспект,25к5,Университет,245277094
15,17,3,75.9,25500000,Тропарево-Никулино, Академика Анохина,9К1,Юго-Западная,316311847
7,10,3,73.9,24990000,Бескудниковский,Бескудниковский бульвар,50/1,Яхромская,316407915
5,9,3,57.0,20000000,Восточное Измайлово,9-я Парковая ,6К1,Первомайская,315732417
5,6,3,80.0,73000000,Пресненский,Мерзляковский переулок,5/1,Арбатская,301573903
9,12,3,62.0,20000000,Строгино, Твардовского,31К2,Строгино,313503982
16,24,3,50.0,17500000,Ховрино,Клинская ,2Ак7,Грачёвская,315910063
3,11,3,90.0,48500000,Хамовники, Хамовнический Вал,2,Лужники,312981803
9,9,3,50.0,14800000,Северное Измайлово,Щелковское шоссе,12К1,Черкизовская,315315088
2,4,3,140.0,172370049,Мещанский,Рождественский бульвар,10/7С1,Трубная,298534721
3,8,3,130.7,235250000,Хамовники,Зубовская ,7,Парк Культуры,314425483
1,14,3,65.1,19900000,Хорошево-Мневники, Берзарина,5,Октябрьское поле,314429791
3,9,3,57.0,14500000,Богородское,Бойцовая ,21к2,Бульвар Рокоссовского,315882617
3,14,3,105.2,192850000,Хамовники, Усачева,15А,Спортивная,314248256
14,15,3,133.91,227647000,Хамовники, Усачева,15,Спортивная,309194945
12,14,3,92.2,77000000,Раменки,проспект Генерала Дорохова,39к1А,Поклонная,304329807
26,36,3,120.0,109900000,Раменки,Минская ,2,Минская,309750410
5,31,3,86.4,41000000,Хорошево-Мневники,Карамышевская набережная,2А,Народное Ополчение,315038053
5,7,3,95.5,55000000,Басманный,Малый Казенный переулок,16,Курская,316064711
9,12,3,106.6,76000000,Замоскворечье,Мытная ,7с1,Серпуховская,310431008
7,12,3,74.0,19700000,Южное Тушино,бульвар Яна Райниса,1,Сходненская,313478474
26,39,3,121.0,109900000,Раменки,Минская ,2,Минская,315274449
14,14,3,74.6,23000000,Можайский, Кутузова,3,Рабочий посёлок,312509370
6,12,3,150.0,115000000,Замоскворечье,Климентовский переулок,2,Новокузнецкая,313016553
9,18,3,121.5,54000000,Хорошевский, Викторенко,4К1,Аэропорт,316680516
44,56,3,94.0,42000000,Ростокино,проспект Мира,188Бк1,Ростокино,309241509
5,5,3,74.0,18500000,Покровское-Стрешнево, Свободы,14,Тушинская,314834804
3,10,3,83.6,18000000,Южное Бутово,Южнобутовская ,9,Бульвар Адмирала Ушакова,314566101
5,6,3,80.0,70000000,Пресненский,Мерзляковский переулок,5/1,Арбатская,301963145
3,28,3,68.0,57500000,Красносельский,Большая Спасская ,35,Площадь трёх вокзалов,315975662
3,28,3,68.0,57500000,Красносельский,Большая Спасская ,35,Площадь трёх вокзалов,313467087
23,24,3,82.3,22700000,Ясенево,проезд Одоевского,11К7,Ясенево,316716307
2,17,3,73.8,22300000,Крылатское,Осенний бульвар,20К1,Крылатское,310554429
22,41,3,74.2,45500000,Раменки,1-й Сетуньский проезд,8,Кутузовская,316585431
5,9,3,58.9,21300000,Коньково, Островитянова,31,Коньково,316194434
24,24,1,21.0,15590000,Тропарево-Никулино,Ленинский проспект,158,Юго-Западная,308100205
3,19,1,40.0,14990000,Коньково, Введенского,13в,Беляево,314294536
28,33,1,42.0,20500000,Очаково-Матвеевское,Очаковское шоссе,5к4,Аминьевская,315648205
16,25,1,41.3,20500000,Щукино, Берзарина,28Ак3,Октябрьское поле,316165142
8,9,1,31.0,12900000,Ломоносовский, Гарибальди,13К1,Новые Черёмушки,316188638
14,28,1,38.0,20800000,Можайский,переулок 2-й Петра Алексеева,5,Рабочий посёлок,315353756
9,34,1,47.0,20990000,Головинский,Кронштадтский бульвар,9к6,Водный стадион,316108460
14,34,1,46.3,21000000,Головинский,Кронштадтский бульвар,9к6,Водный стадион,316058177
2,6,1,40.4,22700000,Даниловский,проспект Лихачева,22,Технопарк,316218811
18,26,1,33.8,23300000,Нагатино-Садовники,Нагатинская набережная,10А,Нагатинская,311963553
6,20,1,35.2,23800000,Даниловский,проспект Лихачева,12к2,Технопарк,316106135
15,48,1,47.0,26300000,Ростокино, Сергея Эйзенштейна,8С9,Ботанический сад,314580697
15,29,1,47.0,31600000,Даниловский, Виктора Маслова,2,Автозаводская,315952255
2,12,1,34.8,14500000,Тимирязевский,Тимирязевская ,11,Дмитровская,316431832
1,9,1,33.1,8300000,Можайский,Беловежская ,95,Сетунь,316559309
5,5,1,52.8,16500000,Кунцево, Екатерины Будановой,12,Кунцевская,314951462
2,6,1,30.0,7100000,Марьино, Перерва,16,Перерва,313373725
5,9,1,36.0,15200000,Аэропорт, Усиевича,25К1,Сокол,316717155
15,17,1,38.0,11799999,Братеево, Борисовские Пруды,12К1,Борисово,314791156
5,8,1,31.8,11900000,Соколиная гора,Большая Семеновская ,21,Электрозаводская,315141809
5,20,1,41.0,11350000,Бирюлево Восточное,6-я Радиальная ,7/1к2,Царицыно,315053180
3,9,1,35.5,8990000,Южное Бутово,Южнобутовская ,84,Бунинская аллея,316243521
3,43,1,40.4,18990000,Хорошево-Мневники,Шелепихинская набережная,40к1,Шелепиха,316708732
1,5,1,29.9,9500000,Аэропорт,2-й Амбулаторный проезд,17,Красный Балтиец,316475494
5,9,1,34.9,10500000,Богородское,Миллионная ,13К1,Белокаменная,313084247
5,9,1,37.4,9300000,Лианозово,Абрамцевская ,3А,Алтуфьево,315247474
10,33,1,32.0,12150000,Метрогородок,Тагильская ,3к2,Черкизовская,316469642
5,9,1,31.3,10300000,Перово,2-я Владимирская ,40,Перово,315104756
24,25,1,39.9,15400000,Орехово-Борисово Южное, Генерала Белова,28к1,Домодедовская,315746214
6,16,1,34.5,11400000,Котловка,Большая Черемушкинская ,9К3,Крымская,316318288
17,29,1,36.3,17400000,Богородское,Открытое шоссе,14Д,Бульвар Рокоссовского,310072129
5,15,1,36.3,10500000,Молжаниновский,Ленинградское шоссе,228к4,Молжаниново,314529859
10,19,1,47.0,13000000,Крюково,проспект Георгиевский,33к6,Зеленоград — Крюково,306926249
1,5,1,30.5,10990000,Измайлово,11-я Парковая ,39К1,Первомайская,315879326
2,5,1,34.3,17500000,Пресненский, Юлиуса Фучика,2/30,Маяковская,314999055
13,22,1,38.8,10300000,Марьино,Белореченская ,22/66,Люблино,315551044
4,9,1,32.4,10999000,Чертаново Южное,Дорожная ,23К2,Красный Строитель,316391549
4,9,1,32.7,15500000,Ховрино, Лавочкина,56/23,Беломорская,315522354
6,23,1,37.0,29300000,Хорошевский,Хорошевское шоссе,25Ак2,Полежаевская,316286123
16,17,1,37.9,9999000,Северный,Челобитьевское шоссе,12к4,Физтех,315904328
1,14,1,25.0,8490000,Марфино,Большая Марфинская ,4к6,Фонвизинская,316624728
8,9,1,32.5,13290000,Бескудниковский,Бескудниковский бульвар,28К2,Селигерская,316042120
12,48,1,36.0,15500000,Бутырский,Новодмитровская ,2к6,Дмитровская,314779957
3,15,1,42.0,18000000,Можайский,Сколковское шоссе,40к3,Сетунь,316610836
19,19,1,39.0,22000000,Покровское-Стрешнево,Волоколамское шоссе,71к2,Спартак,315796422
2,41,1,43.0,21100000,Хорошево-Мневники,Шелепихинская набережная,34к5,Шелепиха,315861614
15,29,1,40.9,24250000,Хорошево-Мневники,Шелепихинская набережная,40к3,Шелепиха,316499611
14,66,2,67.3,97585000,Пресненский,Краснопресненская набережная,14Ак2,Москва-Сити,316391390
6,7,2,92.7,42500000,Алексеевский,проспект Мира,102к2,Алексеевская,314832827
1,3,2,85.2,115000000,Хорошево-Мневники,Таманская ,1,Народное Ополчение,311097615
17,34,2,102.9,109000000,Дорогомилово,Поклонная ,9,Поклонная,315258508
5,7,2,53.0,81090000,Якиманка, Большая Полянка,44/2,Полянка,316572259
24,40,2,73.0,68380000,Хорошевский,Ленинградский проспект,37/4,ЦСКА,316029644
18,27,2,51.0,28499000,Алексеевский,Староалексеевская ,5А,Алексеевская,312962883
14,15,2,59.2,38500000,Нагатинский затон, Корабельная,15,Нагатинский Затон,312761872
1,9,2,43.0,15999000,Фили-Давыдково, Ивана Франко,6,Кунцевская,314579719
4,8,2,69.8,52760249,Хамовники,Смоленский бульвар,22/14,Смоленская,302999320
5,13,2,62.4,34000000,Филевский парк, Василисы Кожиной,13,Парк Победы,315832202
3,5,2,44.3,49400000,Замоскворечье,Озерковская набережная,6,Новокузнецкая,307970936
6,11,2,55.1,32500000,Басманный, Казакова,7,Курская,315253228
6,12,2,46.0,14500000,Строгино,Неманский проезд,5К1,Мякинино,314153626
3,9,2,61.4,60000000,Басманный,Потаповский переулок,10,Чистые пруды,297766719
7,22,2,100.0,54000000,Пресненский,Шмитовский проезд,16С1,Улица 1905 года,316201105
8,14,2,76.0,59900000,Даниловский, Архитектора Щусева,2к1,ЗИЛ,315928096
5,33,2,57.0,29700000,Хорошево-Мневники,Причальный проезд,10к1,Шелепиха,315973530
23,23,2,100.0,55000000,Можайский,Можайское шоссе,6К1,Кунцевская,311381466
9,13,2,73.8,42800000,Раменки,Винницкая ,8к1,Раменки,312895070
5,9,2,74.0,69500000,Мещанский,Малая Сухаревская площадь,1С1,Сухаревская,311035485
26,43,2,63.0,34700000,Хорошево-Мневники,Шелепихинская набережная,40к1,Шелепиха,305509795
3,11,2,78.0,35500000,Лефортово, Крузенштерна,6,Серп и Молот,309550008
5,6,2,98.7,75000000,Замоскворечье,Большая Пионерская ,20,Павелецкая,313629767
46,73,2,123.0,150000000,Пресненский,1-й Красногвардейский проезд,22с2,Москва-Сити,307397567
19,21,2,79.4,68400000,Басманный,площадь Курского Вокзала,1,Чкаловская,316201215
11,12,2,78.58,63988000,Тверской,2-я Брестская ,6,Маяковская,314215206
24,37,2,73.0,68380000,Хорошевский,Ленинградский проспект,37/4,ЦСКА,312860804
4,20,2,77.0,92400000,Пресненский,Дружинниковская ,15,Краснопресненская,314896853
5,6,2,48.57,66960000,Хамовники,Зубовская ,7,Парк Культуры,315165918
3,9,2,148.5,210000000,Тверской,1-я Тверская-Ямская ,2,Маяковская,307826522
35,78,2,83.0,83000000,Пресненский,1-й Красногвардейский проезд,22с2,Москва-Сити,314731067
14,41,2,56.0,35000000,Раменки,1-й Сетуньский проезд,8,Кутузовская,316179906
7,41,2,55.0,35000000,Раменки,1-й Сетуньский проезд,8,Кутузовская,315052730
9,9,2,45.0,18490000,Хорошево-Мневники, Народного Ополчения,24,Народное Ополчение,316537041
9,9,2,39.0,14750000,Зюзино,Перекопская ,10К1,Зюзино,316413600
12,25,2,74.0,33950000,Раменки, Янковского,1к1,Аминьевская,310306708
6,12,2,59.3,34000000,Лефортово,проезд Шелихова,3,Площадь Ильича,316256052
6,6,2,100.0,75000000,Замоскворечье,Большая Пионерская ,20,Павелецкая,312575065
2,8,2,61.5,54200000,Таганский,Серебрянический переулок,8,Китай-город,314304114
10,21,2,82.0,45000000,Останкинский, Академика Королева,10,Улица Академика Королёва,314383482
9,68,2,92.0,105000000,Пресненский,1-й Красногвардейский проезд,22с1,Москва-Сити,306652887
1,9,2,46.0,11890000,Ивановское,Челябинская ,21,Первомайская,314362092
7,26,2,72.6,27500000,Лефортово, Крузенштерна,12к2,Авиамоторная,309640290
16,41,3,91.0,108000000,Хорошевский,Ленинградский проспект,37/5,Аэропорт,314889861
5,24,3,75.0,57000000,Хорошево-Мневники,Шелепихинская набережная,34к3зд7,Шелепиха,315871934
26,34,3,140.1,100000000,Раменки,Мосфильмовская ,8,Ломоносовский проспект,316656430
3,12,3,82.5,83000000,Раменки, Сергея Бондарчука,4,Мичуринский проспект,312360519
6,16,3,124.7,199500000,Раменки,Воробьевское шоссе,4,Поклонная,316086491
21,32,3,136.1,110000000,Раменки,Мосфильмовская ,8,Ломоносовский проспект,315456914
1,5,3,64.0,26900000,Хамовники,переулок 1-й Тружеников,19/4С3,Киевская,313507215
9,9,3,70.0,40000000,Фили-Давыдково, Ивана Франко,6,Кунцевская,314795707
20,20,3,69.0,51000000,Раменки, Василия Ланового,3,Аминьевская,311370408
7,17,3,108.8,54000000,Раменки,Мичуринский проспект,11К4,Раменки,312794034
8,14,3,68.9,53500000,Раменки,проспект Генерала Дорохова,39к2М,Минская,305280843
13,30,3,130.0,74000000,Проспект Вернадского,проспект Вернадского,37к1А,Проспект Вернадского,310797729
66,79,3,113.0,120000000,Пресненский,1-й Красногвардейский проезд,22с2,Москва-Сити,316487121
37,41,3,82.3,82500000,Хорошевский,Ленинградский проспект,37/6,Аэропорт,305070032
28,41,3,88.6,77000000,Хорошевский,Ленинградский проспект,37/7,Аэропорт,314287577
12,14,3,130.0,150000000,Хамовники,Оболенский переулок,9К8,Фрунзенская,315342929
10,16,3,159.4,157000000,Арбат,1-й Смоленский переулок,17,Смоленская,314433652
13,34,3,88.0,90000000,Дорогомилово,Поклонная ,9,Поклонная,313926205
6,16,3,124.7,199520000,Раменки,Воробьевское шоссе,4С1,Поклонная,315878023
12,12,3,148.7,208180000,Тверской,2-я Брестская ,6,Маяковская,309039247
6,9,3,114.0,51300000,Очаково-Матвеевское,Нежинская ,8К2,Матвеевская,306593196
5,6,3,106.4,105000000,Хамовники,Комсомольский проспект,9А,Парк Культуры,305726543
14,14,3,93.6,70200000,Даниловский, Архитектора Щусева,2к1,ЗИЛ,314194751
4,15,3,87.0,185000000,Хамовники,Олсуфьевский переулок,9к2,Фрунзенская,311970488
12,12,3,109.9,153860000,Тверской,2-я Брестская ,6,Маяковская,315159153
30,65,3,120.0,139990000,Пресненский,1-й Красногвардейский проезд,22с1,Москва-Сити,315035572
5,7,3,160.0,183000000,Якиманка, Большая Полянка,44,Полянка,294031984
8,14,3,86.1,47000000,Даниловский, Архитектора Щусева,1,ЗИЛ,313677137
12,12,3,81.2,59900000,Сокол, Врубеля,4к1,Сокол,303902409
33,65,3,190.0,130634604,Пресненский,набережная Пресненская,8с1,Деловой центр,305062321
3,16,3,64.8,20200000,Отрадное,Северный бульвар,7,Отрадное,312089046
4,14,3,101.0,74000000,Даниловский, Архитектора Щусева,3,ЗИЛ,315335453
6,7,3,82.0,32000000,Даниловский,2-й Автозаводский проезд,5,Автозаводская,316201119
20,20,3,137.0,143000000,Пресненский,Мантулинская ,9к6,Москва-Сити,316033726
12,12,3,81.2,60700000,Сокол, Врубеля,4к1,Сокол,298466120
3,24,3,104.0,38399000,Хорошево-Мневники, Народного Ополчения,11,Народное Ополчение,309888239
28,39,3,71.0,46500000,Раменки, Лобачевского,120к1,Аминьевская,303447463
14,17,3,184.8,230000000,Арбат, Новый Арбат,29,Смоленская,315875559
21,36,3,86.5,48900000,Хорошево-Мневники,Шелепихинская набережная,34к1зд5,Шелепиха,312975296
30,42,3,153.6,74900000,Раменки,Мосфильмовская ,70к2,Ломоносовский проспект,314649798
35,41,3,98.0,95000000,Хорошевский,Ленинградский проспект,37/3,Аэропорт,316117452
2,9,3,119.4,112236000,Таганский,Серебрянический переулок,6,Китай-город,312284900
2,9,3,75.9,65000000,Пресненский,Малая Никитская ,16/5,Баррикадная,307433320
14,52,3,76.0,45000000,Раменки,Мичуринский проспект,56,Раменки,305321484
3,14,3,70.6,59000000,Замоскворечье,Мытная ,7с1,Серпуховская,314971588
17,17,3,78.0,34700000,Хорошевский, Полины Осипенко,22К3,Полежаевская,316684654
5,7,3,125.3,90000000,Очаково-Матвеевское,Староволынская ,15к3,Матвеевская,307500734
9,12,3,85.8,49980000,Тверской,2-я Брестская ,6,Маяковская,315806655
20,24,3,151.0,96750000,Очаково-Матвеевское,Староволынская ,12к5,Матвеевская,314216496
11,19,3,100.8,52990000,Алексеевский,Новоалексеевская ,16К5,Алексеевская,314271961
4,8,3,131.3,104990000,Якиманка,Погорельский переулок,5С2,Добрынинская,313873963
2,5,3,140.0,165936860,Мещанский,Рождественский бульвар,10/7С1,Трубная,300883472
14,37,3,100.9,110990000,Дорогомилово,Поклонная ,9,Поклонная,308343502
2,20,3,98.24,16100000,Бирюлево Восточное,6-я Радиальная ,7/1к1,Царицыно,316138167
16,26,3,78.9,38090000,Нагатино-Садовники,Нагатинская набережная,10А,Нагатинская,316201211
25,46,3,57.2,44000000,Даниловский,Дубининская ,59А,Павелецкая,315564866
7,9,3,60.6,55950000,Пресненский,Малая Никитская ,16/5,Баррикадная,316572517
7,24,3,180.0,74000000,Черемушки,Новочеремушкинская ,44К3,Профсоюзная,313204877
6,13,1,38.0,20100000,Западное Дегунино,Ильменский проезд,14к7,Селигерская,316324482
11,15,1,35.0,10290000,Молжаниновский,Ленинградское шоссе,229Ак1,Новоподрезково,315038271
7,22,1,38.65,20000000,Ховрино,Беломорская ,23,Беломорская,316217571
16,33,1,34.0,19500000,Хорошево-Мневники,Причальный проезд,10к1,Шелепиха,313624558
11,22,1,48.5,16490000,Щукино,Большой Волоколамский проезд,23,Стрешнево,315898629
16,23,1,34.7,17499000,Лефортово,Красноказарменная ,14Ак2,Авиамоторная,316377467
9,18,1,38.8,10300000,Бирюлево Восточное,6-я Радиальная ,7/6к3,Каспийская,305972603
5,8,1,59.1,24900000,Алексеевский,Рижский проезд,5,ВДНХ,311663561
2,10,1,35.8,10418300,Кунцево,4-я Мякининская ,27,Строгино,313005039
1,14,1,36.0,21000000,Басманный,Малая Почтовая ,5/12С1,Бауманская,316243994
3,10,1,35.8,10418300,Кунцево,4-я Мякининская ,27,Строгино,313005136
5,9,1,29.4,11550000,Филевский парк,Сеславинская ,32,Филёвский парк,314205722
2,5,1,31.0,10500000,Перово, Плющева,16,Перово,315285325
12,25,1,39.9,10608395,Некрасовка, Липчанского,10,Некрасовка,296104063
18,33,1,42.1,15300000,Метрогородок,Открытое шоссе,18Ак1,Бульвар Рокоссовского,316283784
7,9,1,32.9,9100000,Выхино-Жулебино,Ташкентская ,16К1,Юго-Восточная,301704043
10,24,1,44.1,21000000,Дмитровский,Дмитровское шоссе,107к3,Яхромская,316387538
3,16,1,42.0,11500000,Ярославский,Ярославское шоссе,34,ВДНХ,315455785
7,14,1,40.0,11750000,Люблино,Новороссийская ,24К1,Люблино,315758332
15,16,1,40.0,12900000,Строгино, Кулакова,10,Строгино,316028897
22,32,1,30.1,23990000,Пресненский,Шмитовский проезд,39к8,Москва-Сити,316707751
2,5,1,29.0,11600000,Сокол,Песчаный переулок,14К1,Панфиловская,313421940
2,8,1,29.9,12800000,Даниловский,Люсиновская ,72,Тульская,311208111
6,9,1,29.8,10000000,Можайский,Можайское шоссе,10,Кунцевская,315860445
14,21,1,37.6,16300000,Нагатинский затон,Коломенская ,12к2,Нагатинский Затон,315685417
9,22,1,38.4,9990000,Братеево, Борисовские Пруды,48К1,Алма-Атинская,312929406
5,5,1,52.4,15800000,Кунцево, Екатерины Будановой,6,Рабочий посёлок,315935989
16,20,1,37.9,11499999,Чертаново Южное, Газопровод,15,Красный Строитель,315677385
3,19,1,50.0,18600000,Фили-Давыдково,Кастанаевская ,41К2,Пионерская,315448333
1,9,1,33.0,9600000,Щукино, Расплетина,3К2,Октябрьское поле,313899611
7,14,1,34.0,8200000,Савёлки,Зеленоград,к364,Зеленоград — Крюково,315025696
8,12,1,35.0,11000000,Новогиреево,Зеленый проспект,40К1,Новогиреево,316371714
14,17,1,37.8,9900000,Некрасовка,Покровская ,23,Некрасовка,315762860
8,10,2,49.0,46999000,Тверской,Большой Гнездниковский переулок,10,Пушкинская,315335442
9,9,2,53.1,49900000,Тверской,Тверская ,8К2,Пушкинская,315335437
11,21,2,73.3,32500000,Щукино,Щукинская ,3,Стрешнево,313407706
4,23,2,70.0,40000000,Хорошевский, Зорге,9Ак1,Зорге,316411230
4,12,2,38.9,11600000,Кузьминки,Волжский бульвар,45,Волжская,316626019
11,13,2,60.0,65000000,Пресненский,Большая Садовая ,5к1,Маяковская,312764209
22,22,2,40.0,13900000,Текстильщики,1-й Грайвороновский проезд,1,Текстильщики,316626936
17,34,2,52.0,53000000,Дорогомилово,Поклонная ,9,Поклонная,315934487
2,9,2,60.0,93000000,Таганский,Большой Николоворобинский переулок,9к1,Китай-город,294203461
6,8,2,45.8,29900000,Красносельский, Маши Порываевой,38,Площадь трёх вокзалов,316528251
17,17,2,52.0,14400000,Люблино, Верхние Поля,35К4,Люблино,315665441
3,3,2,77.5,39800000,Хорошевский,проезд Аэропорта,8С9,Аэропорт,310096435
8,9,2,43.0,15500000,Преображенское,Халтуринская ,19,Бульвар Рокоссовского,313445730
10,10,2,60.0,60000000,Якиманка, Серафимовича,2,Боровицкая,303069476
9,17,2,60.1,16000000,Отрадное,Юрловский проезд,14к4,Бибирево,315976957
14,14,2,41.0,16990000,Академический,Большая Черемушкинская ,26К3,Академическая,316413303
5,34,2,86.3,41000000,Хорошево-Мневники,Карамышевская набережная,2А,Народное Ополчение,314905510
11,41,2,48.0,44900000,Раменки,1-й Сетуньский проезд,8,Кутузовская,316614908
2,5,2,46.1,12700000,Покровское-Стрешнево, Свободы,17,Тушинская,315327889
9,9,2,44.5,10999000,Ивановское, Молостовых,4К4,Новогиреево,313257079
6,12,2,44.8,14400000,Рязанский, Паперника,7К1,Окская,311972088
8,14,2,53.0,16950000,Люблино,Краснодарская ,10А,Депо,315236960
18,24,2,62.7,27000000,Филевский парк,Барклая ,6Ак1,Багратионовская,316361543
9,19,2,57.0,31200000,Хорошево-Мневники,Карамышевская набережная,34,Народное Ополчение,315974003
1,10,2,63.5,34000000,Хамовники,Оболенский переулок,7,Фрунзенская,312574499
30,41,2,57.0,35500000,Раменки,1-й Сетуньский проезд,8,Кутузовская,307493782
2,9,2,34.0,8700000,Восточное Измайлово,16-я Парковая ,27,Первомайская,315420844
7,41,2,60.0,37000000,Раменки,1-й Сетуньский проезд,6С6,Кутузовская,304053983
4,19,2,69.0,49900000,Хорошево-Мневники,Шелепихинская набережная,34к1,Шелепиха,310886602
2,6,2,163.8,179000000,Таганский, Станиславского,11,Таганская,313833372
6,28,2,85.0,56500000,Филевский парк, Василисы Кожиной,13,Парк Победы,316070882
2,12,2,38.7,10800000,Северное Измайлово,Щелковское шоссе,32,Щёлковская,316668029
2,9,2,57.14,93000000,Таганский,Большой Николоворобинский переулок,9к12,Чкаловская,313833367
5,5,2,42.0,15700000,Хорошевский,Хорошевское шоссе,41кЕ,Хорошёво,315308049
1,5,2,58.8,24400000,Таганский,Таганская ,24С5,Марксистская,306015204
11,41,2,55.0,29800000,Раменки,1-й Сетуньский проезд,8,Кутузовская,315353779
8,41,2,47.0,27000000,Раменки,1-й Сетуньский проезд,8,Кутузовская,312895131
2,5,2,62.9,15600000,Тимирязевский,Линейный проезд,6,Петровско-Разумовская,316677255
5,19,2,100.0,76000000,Раменки,Ломоносовский проспект,25к2,Университет,315369818
16,17,2,50.5,13200000,Лосиноостровский,Стартовая ,35,Медведково,316590795
10,67,2,69.6,79500000,Пресненский,Краснопресненская набережная,14Ак1,Москва-Сити,314848971
2,4,2,136.6,75000000,Донской,Варшавское шоссе,9с28,Тульская,299558863
2,12,2,46.7,15500000,Щукино,Авиационная ,74К4,Щукинская,314762107
32,36,3,113.0,140000000,Хорошевский,Ленинградский проспект,37/4,ЦСКА,316168222
4,5,3,147.0,49900000,Головинский,Михалковская ,46к3,Коптево,315097967
2,13,3,120.0,160000000,Пресненский,2-я Черногрязская ,6к2,Улица 1905 года,303584027
1,9,3,57.8,14200000,Ярославский,Ярославское шоссе,12К1,Ботанический сад,315203865
6,13,3,130.0,214500000,Пресненский,2-я Черногрязская ,6к2,Улица 1905 года,309179147
7,29,3,104.0,44900000,Соколиная гора,Мироновская ,25,Измайлово,316136853
1,9,3,53.0,12200000,Новогиреево,Союзный проспект,10,Новогиреево,316258419
6,12,3,85.3,100000000,Арбат,Смоленская набережная,5/13,Смоленская,316027299
4,8,3,70.0,53031681,Хамовники,Смоленский бульвар,22/14,Смоленская,315556569
5,23,3,114.5,62000000,Очаково-Матвеевское,Староволынская ,12к3,Матвеевская,315245874
11,14,3,69.0,40749000,Раменки,проспект Генерала Дорохова,39к1В,Поклонная,313077646
6,16,3,97.0,35990000,Басманный, Госпитальный Вал,5С12,Электрозаводская,316138851
31,40,3,88.0,82000000,Хорошево-Мневники, Саляма Адиля,2к1,Народное Ополчение,312626952
3,13,3,83.0,61500000,Раменки,Винницкая ,8к2,Раменки,316239269
1,9,3,58.7,15000000,Коньково,Профсоюзная ,116К1,Беляево,315615152
5,14,3,73.0,61988700,Раменки,проспект Генерала Дорохова,39к1Д,Минская,314240087
19,23,3,146.9,95000000,Очаково-Матвеевское,Староволынская ,12к3,Матвеевская,315558354
2,9,3,70.0,19500000,Нагатинский затон,Судостроительная ,23К2,Коломенская,315987275
2,7,3,87.0,90000000,Пресненский,переулок Брюсов,2/14С1,Охотный ряд,313587321
16,16,3,73.3,20500000,Теплый Стан, Академика Бакулева,4,Тропарёво,316580555
14,22,3,88.4,51500000,Покровское-Стрешнево,Волоколамское шоссе,71/8к1,Спартак,316432207
8,32,3,84.4,75000000,Дорогомилово,Поклонная ,9,Поклонная,314323192
13,32,3,86.7,95000000,Дорогомилово,Поклонная ,9,Поклонная,316368875
10,32,3,102.6,109990000,Дорогомилово,Поклонная ,9,Поклонная,316500208
9,32,3,68.2,59000000,Дорогомилово,Поклонная ,9,Поклонная,309280392
70,97,3,82.0,90000000,Пресненский,набережная Пресненская,12,Деловой центр,309834487
19,32,3,128.0,128000000,Дорогомилово,Поклонная ,9,Поклонная,315657236
25,32,3,85.0,95000000,Дорогомилово,Поклонная ,9,Поклонная,315661048
7,9,3,60.0,18999999,Марьина роща,Шереметьевская ,25,Марьина Роща,311821615
12,32,3,69.0,61500000,Дорогомилово,Поклонная ,9,Поклонная,309274659
11,32,3,86.0,86000000,Дорогомилово,Поклонная ,9,Поклонная,315657663
3,3,3,100.8,229792249,Пресненский,Малая Бронная ,30/1,Пушкинская,309101286
14,32,3,101.8,110000000,Дорогомилово,Поклонная ,9,Поклонная,315657493
11,32,3,69.0,61500000,Дорогомилово,Поклонная ,9,Поклонная,309277393
10,34,3,102.6,120000000,Дорогомилово,Поклонная ,9,Поклонная,316681242
3,6,3,109.0,75000000,Хорошевский,Ходынский бульвар,13,ЦСКА,313941443
39,47,3,144.4,65000000,Раменки,Мосфильмовская ,70к2,Ломоносовский проспект,311255086
7,27,3,66.2,54500000,Беговой,Верхняя ,20к1,Белорусская,304283080
9,9,3,59.9,15850000,Тимирязевский,Дмитровское шоссе,39К1,Петровско-Разумовская,306458760
4,20,3,94.5,59400000,Беговой,Бумажный проезд,4,Белорусская,315200806
10,10,3,72.6,18602900,Кунцево,4-я Мякининская ,27,Строгино,313004970
2,5,3,90.0,60000000,Тверской,Новолесная ,4,Белорусская,314097528
2,4,3,140.0,170046264,Мещанский,Рождественский бульвар,10/7С1,Трубная,315798564
21,31,3,69.3,25400000,Можайский, Петра Алексеева,14,Давыдково,303926631
24,48,3,155.0,55500000,Хорошево-Мневники,проспект Маршала Жукова,78,Серебряный Бор,314370483
5,9,3,96.3,79000000,Тверской,Тверская ,15,Тверская,315150423
5,12,3,97.0,135000000,Раменки, Сергея Бондарчука,6,Мичуринский проспект,315813833
6,9,3,59.0,13890000,Вешняки,Вешняковская ,15К1,Новогиреево,313069199
11,26,3,85.0,39990000,Лефортово, Крузенштерна,12к3,Авиамоторная,315879112
5,7,3,93.0,111500000,Якиманка,Лаврушинский переулок,17С2,Третьяковская,315810174
9,17,3,76.5,24999999,Москворечье-Сабурово, Борисовские Пруды,25К1,Борисово,303849492
5,7,3,130.0,65990000,Крылатское,Крылатская ,45К2,Крылатское,308424075
3,4,3,62.0,26950000,Тверской,Лесная ,61с2,Менделеевская,311657948
15,17,1,56.0,28000000,Теплый Стан, Островитянова,4,Тропарёво,316467337
2,9,1,32.6,12500000,Северное Тушино,бульвар Яна Райниса,2К1,Сходненская,315560920
9,24,1,31.9,16900000,Хорошево-Мневники,Шелепихинская набережная,40к2,Шелепиха,316134322
11,12,1,35.0,8200000,Вешняки,Вешняковская ,11К1,Новогиреево,314430900
3,9,1,20.1,8900000,Щукино, Расплетина,3К3,Октябрьское поле,316114168
16,17,1,38.1,12990000,Северное Бутово,Старокачаловская ,1К2,Бульвар Дмитрия Донского,316412538
3,15,1,32.0,12270000,Хорошевский,Ходынский бульвар,2,ЦСКА,278701100
9,9,1,31.0,9490000,Южнопортовый,6-я Кожуховская ,23,Дубровка,314994777
36,52,1,39.4,19900000,Покровское-Стрешнево,Волоколамское шоссе,95/2к7,Трикотажная,315053315
6,9,1,30.9,10600000,Нагатино-Садовники,проспект Андропова,50к1,Коломенская,316332296
10,17,1,38.0,13300000,Северное Измайлово,Щелковское шоссе,26К2,Щёлковская,313794918
11,25,1,40.2,11900000,Лосиноостровский,Тайнинская ,9,Медведково,315952149
4,6,2,137.0,199990000,Замоскворечье,Садовническая набережная,7,Новокузнецкая,309819745
10,12,2,79.0,69000000,Тверской,2-я Брестская ,6,Маяковская,316015307
2,7,2,60.0,93000000,Таганский,Большой Николоворобинский переулок,9к1,Китай-город,304388593
6,12,2,45.0,17500000,Чертаново Центральное,Кировоградская ,16К1,Южная,315571125
7,7,2,78.3,59600000,Арбат,Гоголевский бульвар,27,Кропоткинская,315719136
15,28,3,100.0,68000000,Филевский парк,Береговой проезд,1А,Фили,316204622
10,17,3,142.9,45500000,Можайский, Вересаева,13,Давыдково,311036306
4,15,3,103.0,94000000,Дорогомилово,Студенческая ,20к1,Студенческая,314305380
17,34,3,87.0,88990000,Дорогомилово,Поклонная ,9,Поклонная,315625194
4,8,3,69.8,53031681,Хамовники,Смоленский бульвар,22/14,Смоленская,286643532
